{"cameraMode":{"drawMode":0,"name":"Shaded","section":"Shading Mode"},"sceneLighting":false,"audioPlay":false,"sceneViewState":{"showFog":true,"showMaterialUpdate":false,"showSkybox":true,"showFlares":true,"showImageEffects":true,"showParticleSystems":true},"in2DMode":false,"pivot":{"x":0.26969000697135928,"y":-0.0070691704750061039,"z":-0.09749999642372132},"rotation":{"x":-0.02412945032119751,"y":0.9732365608215332,"z":-0.12121473252773285,"w":-0.19374074041843415},"size":0.17624279856681825,"orthographic":false}