{"cameraMode":{"drawMode":0,"name":"Shaded","section":"Shading Mode"},"sceneLighting":false,"audioPlay":false,"sceneViewState":{"showFog":true,"showMaterialUpdate":false,"showSkybox":true,"showFlares":true,"showImageEffects":true,"showParticleSystems":true},"in2DMode":false,"pivot":{"x":0.03355240821838379,"y":0.30622023344039919,"z":-1.2119550704956055},"rotation":{"x":-0.02412945032119751,"y":0.9732365608215332,"z":-0.12121473252773285,"w":-0.19374074041843415},"size":2.8578836917877199,"orthographic":false}