{"cameraMode":{"drawMode":0,"name":"Shaded","section":"Shading Mode"},"sceneLighting":false,"audioPlay":false,"sceneViewState":{"showFog":true,"showMaterialUpdate":false,"showSkybox":true,"showFlares":true,"showImageEffects":true,"showParticleSystems":true},"in2DMode":false,"pivot":{"x":-0.8000001907348633,"y":0.009999999776482582,"z":3.5999996662139894},"rotation":{"x":0.07891738414764404,"y":-0.9160956740379334,"z":0.22360022366046906,"w":0.32333219051361086},"size":23.718677520751954,"orthographic":false}