{"cameraMode":{"drawMode":0,"name":"Shaded","section":"Shading Mode"},"sceneLighting":false,"audioPlay":false,"sceneViewState":{"showFog":true,"showMaterialUpdate":false,"showSkybox":true,"showFlares":true,"showImageEffects":true,"showParticleSystems":true},"in2DMode":false,"pivot":{"x":0.7980226278305054,"y":1.9018908739089966,"z":-10.730999946594239},"rotation":{"x":-0.42512989044189455,"y":0.31911665201187136,"z":-0.16323089599609376,"w":-0.8311346769332886},"size":2.561276435852051,"orthographic":false}