{"cameraMode":{"drawMode":0,"name":"Shaded","section":"Shading Mode"},"sceneLighting":false,"audioPlay":false,"sceneViewState":{"showFog":true,"showMaterialUpdate":false,"showSkybox":true,"showFlares":true,"showImageEffects":true,"showParticleSystems":true},"in2DMode":false,"pivot":{"x":3.307828903198242,"y":3.394704818725586,"z":5.834408760070801},"rotation":{"x":-0.05928665027022362,"y":0.9238532781600952,"z":-0.15983174741268159,"w":-0.3426864743232727},"size":10.650750160217286,"orthographic":false}